model,level,num_predict,test_id,n_runs,n_success,stability_pct,wall_duration_s_mean,wall_duration_s_median,wall_duration_s_stdev,time_to_first_token_s_mean,eval_count_mean,generation_tokens_per_second,response_word_count_mean
llama3.2:1b,A_ollama_direct,0,t1_factuelle,3,3,100.0,18.517150575666165,5.7525377519996255,24.620822004237745,16.163849917332602,10,4.252607131678861,7.0
llama3.2:1b,A_ollama_direct,0,t2_calcul,3,3,100.0,15.380487508666798,12.732612959996914,10.481722254613947,1.4695054243323586,52,3.7385026664151324,32.333333333333336
llama3.2:1b,A_ollama_direct,0,t3_comprehension,3,3,100.0,27.444581857998855,25.70880107799894,6.129616427668148,2.2897210363298655,100,3.976178449828514,54.666666666666664
llama3.2:1b,A_ollama_direct,0,t4_instruction,3,3,100.0,1.9426635030007067,1.2109222559956834,1.4746789738332542,1.5283972613324295,2.6666666666666665,6.438403790932152,1.0
llama3.2:1b,A_ollama_direct,0,t5_concision,3,3,100.0,28.14761792533439,27.255315280002833,2.4907603131077147,8.705105441333822,65.33333333333333,3.984964971141331,38.666666666666664
llama3.2:1b,A_ollama_direct,0,t6_contexte,3,3,100.0,75.25584889900104,73.60735817700333,3.7667160306731002,11.520758783335623,216.66666666666666,3.6425081757637066,137.33333333333334
llama3.2:1b,A_ollama_direct,0,t7_raisonnement,3,3,100.0,33.68914847999986,35.09176301800471,3.278201242342398,14.30567635600164,61,3.953687156876207,36.666666666666664
llama3.2:1b,A_ollama_direct,0,t8_francais,3,3,100.0,118.14917638466675,126.24694737199752,18.15675263941482,12.977840349665106,351.3333333333333,3.4309442729787905,225.33333333333334
llama3.2:1b,A_ollama_direct,0,t9_instruction_stricte,3,3,100.0,14.14401705966399,17.692031389997283,6.473144384233921,13.691731474997747,3,5.74309600095463,1.0
llama3.2:1b,A_ollama_direct,0,t10_simulation,3,3,100.0,19.395882755001367,20.226226910999685,3.1839001774587334,5.819411256333599,46,3.467549092580093,29.333333333333332
llama3.2:1b,B_neron_llm_live,0,t1_factuelle,3,3,100.0,18.62380000766522,19.464448341997922,7.180187134131695,,,,20.0
llama3.2:1b,B_neron_llm_live,0,t2_calcul,3,3,100.0,18.77527241066855,13.618968185997801,12.51953719057397,,,,13.666666666666666
llama3.2:1b,B_neron_llm_live,0,t3_comprehension,3,3,100.0,38.09027674733321,33.19032089800021,9.524146609858153,,,,57.0
llama3.2:1b,B_neron_llm_live,0,t4_instruction,3,3,100.0,9.999334400000711,12.104862102998595,7.797069174568271,,,,1.0
llama3.2:1b,B_neron_llm_live,0,t5_concision,3,3,100.0,26.842562001334347,22.265852649004955,15.939281842600419,,,,33.0
llama3.2:1b,B_neron_llm_live,0,t6_contexte,3,3,100.0,83.24144503299856,79.25602691600216,11.383924608895883,,,,128.0
llama3.2:1b,B_neron_llm_live,0,t7_raisonnement,3,3,100.0,34.66065671533094,35.02709405299538,0.9412607172499838,,,,37.0
llama3.2:1b,B_neron_llm_live,0,t8_francais,3,3,100.0,80.54895637799927,64.18099605399766,28.455156933868373,,,,161.33333333333334
llama3.2:1b,B_neron_llm_live,0,t9_instruction_stricte,3,3,100.0,10.288492223662615,13.003748593997443,7.367758281049245,,,,1.0
llama3.2:1b,B_neron_llm_live,0,t10_simulation,3,3,100.0,17.99196470399814,19.59116189499764,8.753472942381864,,,,30.666666666666668
llama3.2:1b,A_ollama_direct,32,t1_factuelle,3,3,100.0,30.82986760733426,32.78097551900282,14.206800520112553,28.200563291999668,10,4.248256798626963,7.0
llama3.2:1b,A_ollama_direct,32,t2_calcul,3,3,100.0,10.787544879996858,10.629710858993349,2.132169153717603,3.7509985039990474,27.333333333333332,4.061337086272953,17.666666666666668
llama3.2:1b,A_ollama_direct,32,t3_comprehension,3,3,100.0,22.274389695667196,21.388416693996987,2.0860311575661656,11.728727030999531,32,3.4509823544801623,19.333333333333332
llama3.2:1b,A_ollama_direct,32,t4_instruction,3,3,100.0,8.876033632999073,7.793953585998679,5.324506547470778,8.491006483333573,2.6666666666666665,6.424056807934352,1.0
llama3.2:1b,A_ollama_direct,32,t5_concision,3,3,100.0,21.459241429331694,21.243839975999435,9.774356556518118,13.050355133333747,32,4.096183509021204,22.0
llama3.2:1b,A_ollama_direct,32,t6_contexte,3,3,100.0,27.350384978002694,25.46824088699941,3.344846949253541,16.160496627334698,32,3.8695419407102953,19.333333333333332
llama3.2:1b,A_ollama_direct,32,t7_raisonnement,3,3,100.0,17.097937630331824,15.755029194995586,5.553401422056499,8.252165707332702,32,4.1388092826766645,19.333333333333332
llama3.2:1b,A_ollama_direct,32,t8_francais,3,3,100.0,26.95565880900055,26.374055270003737,1.0845244906781577,15.647823014997508,32,3.3896272744663825,23.666666666666668
llama3.2:1b,A_ollama_direct,32,t9_instruction_stricte,3,3,100.0,13.432810233665805,9.456133758998476,9.989828051591873,12.37121325499902,2.3333333333333335,7.40841087470049,1.0
llama3.2:1b,A_ollama_direct,32,t10_simulation,3,3,100.0,15.666439025997533,15.66580524299934,0.553407922686009,9.34441854966523,24.333333333333332,4.214836571155391,16.0
llama3.2:1b,B_neron_llm_inprocess,32,t1_factuelle,3,3,100.0,15.019057915002728,13.64730151900585,8.963535699838411,,,,6.0
llama3.2:1b,B_neron_llm_inprocess,32,t2_calcul,3,3,100.0,23.25245335100044,24.812937549002527,10.856001126383873,,,,20.666666666666668
llama3.2:1b,B_neron_llm_inprocess,32,t3_comprehension,3,3,100.0,23.556294513665005,27.02577401999588,7.18324374773324,,,,17.333333333333332
llama3.2:1b,B_neron_llm_inprocess,32,t4_instruction,3,3,100.0,31.07587538233444,29.585037876997376,8.899088310716808,,,,1.0
llama3.2:1b,B_neron_llm_inprocess,32,t5_concision,3,3,100.0,26.16136288366882,21.723811636999017,7.770667920128793,,,,22.0
llama3.2:1b,B_neron_llm_inprocess,32,t6_contexte,3,3,100.0,33.95805095933125,38.63934851100203,9.16733069921734,,,,21.0
llama3.2:1b,B_neron_llm_inprocess,32,t7_raisonnement,3,3,100.0,30.63077032633252,19.851344381997478,22.715893998308587,,,,19.333333333333332
llama3.2:1b,B_neron_llm_inprocess,32,t8_francais,3,3,100.0,34.50467479399716,38.72129288299766,11.772906083971185,,,,23.333333333333332
llama3.2:1b,B_neron_llm_inprocess,32,t9_instruction_stricte,3,3,100.0,20.787744713668264,20.997996251004224,5.341818687520312,,,,1.0
llama3.2:1b,B_neron_llm_inprocess,32,t10_simulation,3,3,100.0,19.030399783999503,19.673342091999075,5.518260333768351,,,,16.0
llama3.2:1b,A_ollama_direct,48,t1_factuelle,3,3,100.0,17.190203840335016,16.460868561000098,8.4788294677049,14.837201424665787,8.666666666666666,4.7055629708390825,6.0
llama3.2:1b,A_ollama_direct,48,t2_calcul,3,3,100.0,31.60320161533309,33.368490287000895,3.133153824488848,18.53470798566559,46.666666666666664,3.904814022075587,30.0
llama3.2:1b,A_ollama_direct,48,t3_comprehension,3,3,100.0,28.35229611766651,29.127357060999202,4.81731175845311,15.526246889998825,43.333333333333336,3.93131877237374,25.666666666666668
llama3.2:1b,A_ollama_direct,48,t4_instruction,3,3,100.0,18.214539041667496,16.93139621300361,3.5330482930641476,17.3462571713341,2.6666666666666665,3.02559616535942,1.0
llama3.2:1b,A_ollama_direct,48,t5_concision,3,3,100.0,15.836928406002698,14.250689400003466,3.252209932806457,3.114265340336715,48,3.8416814271270248,33.666666666666664
llama3.2:1b,A_ollama_direct,48,t6_contexte,3,3,100.0,21.292654132996784,19.87769748899882,2.4548606539340394,7.548754862997157,48,3.923457378978437,28.0
llama3.2:1b,A_ollama_direct,48,t7_raisonnement,3,3,100.0,22.299702054333466,22.026044793994515,2.0494123314366,8.307470745666555,48,3.9245335099155385,30.333333333333332
llama3.2:1b,A_ollama_direct,48,t8_francais,3,3,100.0,31.66331728899968,29.90508737700293,5.722034758298936,17.44451744500111,48,4.0590100001322,35.0
llama3.2:1b,A_ollama_direct,48,t9_instruction_stricte,3,3,100.0,16.974532628667173,16.6215497459998,5.696801782045075,16.653942116332473,2.3333333333333335,5.030426896399077,1.0
llama3.2:1b,A_ollama_direct,48,t10_simulation,3,3,100.0,25.34164609666671,26.61739437399956,3.5092873557124924,14.12018928166799,35,3.991228875423369,22.0
llama3.2:1b,B_neron_llm_inprocess,48,t1_factuelle,3,3,100.0,22.01032853166301,28.322919180995086,11.496673167217297,,,,7.0
llama3.2:1b,B_neron_llm_inprocess,48,t2_calcul,3,3,100.0,29.09556039733434,23.140578719998302,24.517844082325553,,,,19.0
llama3.2:1b,B_neron_llm_inprocess,48,t3_comprehension,3,3,100.0,40.279966978666685,34.30397448199801,15.216943844635201,,,,31.0
llama3.2:1b,B_neron_llm_inprocess,48,t4_instruction,3,3,100.0,18.07036625999899,18.548030963997007,2.767294903853325,,,,1.0
llama3.2:1b,B_neron_llm_inprocess,48,t5_concision,3,3,100.0,40.05638916100239,37.87909367500106,13.651492800160984,,,,30.666666666666668
llama3.2:1b,B_neron_llm_inprocess,48,t6_contexte,3,3,100.0,37.49082237699864,37.003377230001206,11.301423058291538,,,,29.0
llama3.2:1b,B_neron_llm_inprocess,48,t7_raisonnement,3,3,100.0,32.08626190200206,34.64796724400367,5.655421826061547,,,,29.0
llama3.2:1b,B_neron_llm_inprocess,48,t8_francais,3,3,100.0,38.958149673667016,34.04524632899847,14.165920635868627,,,,33.333333333333336
llama3.2:1b,B_neron_llm_inprocess,48,t9_instruction_stricte,3,3,100.0,25.27108915666516,12.132756828999845,32.57178900598154,,,,1.0
llama3.2:1b,B_neron_llm_inprocess,48,t10_simulation,3,3,100.0,11.987048817669953,10.965615799999796,7.452719155493435,,,,14.333333333333334
llama3.2:1b,A_ollama_direct,64,t1_factuelle,3,3,100.0,19.59218355466631,16.37832366600196,6.354761760274282,16.554153433333948,10,3.7300591040298565,7.0
llama3.2:1b,A_ollama_direct,64,t2_calcul,3,3,100.0,37.46216412633415,33.0925589230028,12.887460637338584,25.10779167033373,42,3.8732565926439175,28.333333333333332
llama3.2:1b,A_ollama_direct,64,t3_comprehension,3,3,100.0,42.72727010066834,45.11372861199925,8.195963373919477,24.05153247666749,53.333333333333336,3.9128718860693006,30.666666666666668
llama3.2:1b,A_ollama_direct,64,t4_instruction,3,3,100.0,11.268171475666653,7.748291891999543,7.294414535577689,9.756629016000565,2.6666666666666665,6.619749194252402,1.0
llama3.2:1b,A_ollama_direct,64,t5_concision,3,3,100.0,29.961991533001612,29.728284349002934,6.722121181027355,11.860573695666972,56,4.0229634585608425,33.666666666666664
llama3.2:1b,A_ollama_direct,64,t6_contexte,3,3,100.0,36.42830294500163,35.70522228700429,1.882850723933386,18.575170395003322,64,3.8868170219750517,42.666666666666664
llama3.2:1b,A_ollama_direct,64,t7_raisonnement,3,3,100.0,35.05248247966665,37.81164061200252,5.67415634550661,18.38050490833363,63.666666666666664,3.9016279879831486,40.333333333333336
llama3.2:1b,A_ollama_direct,64,t8_francais,3,3,100.0,50.03793236466299,49.041070720995776,13.9917677703049,29.677983640996292,64,3.8699989938002615,44.0
llama3.2:1b,A_ollama_direct,64,t9_instruction_stricte,3,3,100.0,27.6773829203327,25.132136421001633,8.02053415612247,24.654844141332433,2.6666666666666665,6.316685445646106,1.0
llama3.2:1b,A_ollama_direct,64,t10_simulation,3,3,100.0,24.900532204999763,21.658724118002283,8.705712349323848,17.77573555366689,25.333333333333332,4.088730399177907,15.0
llama3.2:1b,B_neron_llm_inprocess,64,t1_factuelle,3,3,100.0,54.32365334266797,51.169977710997046,12.40596313216275,,,,7.0
llama3.2:1b,B_neron_llm_inprocess,64,t2_calcul,3,3,100.0,49.20871274666812,52.1472886670017,7.271665820368059,,,,24.0
llama3.2:1b,B_neron_llm_inprocess,64,t3_comprehension,3,3,100.0,39.78594594733537,38.343230399004824,2.8670748341631085,,,,41.0
llama3.2:1b,B_neron_llm_inprocess,64,t4_instruction,3,3,100.0,34.78168380633482,27.53473099099938,19.726328670263275,,,,1.0
llama3.2:1b,B_neron_llm_inprocess,64,t5_concision,3,3,100.0,53.26341955033422,54.450217386001896,10.551796600310006,,,,39.666666666666664
llama3.2:1b,B_neron_llm_inprocess,64,t6_contexte,3,3,100.0,42.01322940066651,40.82632686299621,3.6522300793192115,,,,39.333333333333336
llama3.2:1b,B_neron_llm_inprocess,64,t7_raisonnement,3,3,100.0,47.14298899599817,32.44228837299306,28.407557371153406,,,,37.666666666666664
llama3.2:1b,B_neron_llm_inprocess,64,t8_francais,3,3,100.0,42.87910027833035,43.74376017199393,8.880058571102394,,,,46.666666666666664
llama3.2:1b,B_neron_llm_inprocess,64,t9_instruction_stricte,3,3,100.0,32.150615408669786,28.590779468999244,9.723753658022938,,,,1.0
llama3.2:1b,B_neron_llm_inprocess,64,t10_simulation,3,3,100.0,45.233042264670075,52.822227102005854,13.75346519840245,,,,28.666666666666668
llama3.2:1b,A_ollama_direct,96,t1_factuelle,3,3,100.0,40.80888656866591,36.63577179599815,15.497275566907357,39.05813096399894,10,2.957662247984994,7.0
llama3.2:1b,A_ollama_direct,96,t2_calcul,3,3,100.0,34.50601584766506,34.70198904199788,9.155964302929162,20.33097544933359,31.333333333333332,3.4152293213859406,20.666666666666668
llama3.2:1b,A_ollama_direct,96,t3_comprehension,3,3,100.0,61.41721210866914,63.346960281000065,26.46063302575618,38.713285159336614,86.33333333333333,3.687673634789405,49.333333333333336
llama3.2:1b,A_ollama_direct,96,t4_instruction,3,3,100.0,16.305249731997417,11.61333649399603,9.596766296409225,15.299288516999999,2.6666666666666665,5.698261389221881,1.0
llama3.2:1b,A_ollama_direct,96,t5_concision,3,3,100.0,54.63251749566795,59.8092293180016,12.687382942708137,32.39594214399889,48.666666666666664,4.045739916228798,29.666666666666668
llama3.2:1b,A_ollama_direct,96,t6_contexte,3,3,100.0,50.561355055666354,53.254182123004284,8.560496822648531,26.658318310997856,81.33333333333333,3.487447646836124,53.666666666666664
llama3.2:1b,A_ollama_direct,96,t7_raisonnement,3,3,100.0,65.90849564233456,64.31902767300198,4.110943441819759,30.32536942766698,64.33333333333333,2.877464872937562,36.666666666666664
llama3.2:1b,A_ollama_direct,96,t8_francais,3,3,100.0,66.28551816600036,60.334637207000924,16.522488734162575,33.30497543066546,96,3.4850590496667504,67.66666666666667
llama3.2:1b,A_ollama_direct,96,t9_instruction_stricte,3,2,66.7,51.84235319700019,51.84235319700019,19.6246368953053,51.146646185501595,3,6.327258462180922,1.0
llama3.2:1b,A_ollama_direct,96,t10_simulation,3,3,100.0,85.12519817199791,104.66820748600003,37.29504795066252,74.86762370400054,33.333333333333336,2.4784629009297903,22.333333333333332
llama3.2:1b,B_neron_llm_inprocess,96,t1_factuelle,3,2,66.7,66.26374303649936,66.26374303649936,35.27680825185323,,,,7.0
llama3.2:1b,B_neron_llm_inprocess,96,t2_calcul,3,1,33.3,70.30985846900148,70.30985846900148,0.0,,,,35.0
llama3.2:1b,B_neron_llm_inprocess,96,t3_comprehension,3,0,0.0,,,,,,,
llama3.2:1b,B_neron_llm_inprocess,96,t4_instruction,3,3,100.0,69.82079208699967,84.69866015799926,27.01774482324408,,,,1.0
llama3.2:1b,B_neron_llm_inprocess,96,t5_concision,3,2,66.7,107.6810641009979,107.6810641009979,13.04586765738821,,,,54.0
llama3.2:1b,B_neron_llm_inprocess,96,t6_contexte,3,0,0.0,,,,,,,
llama3.2:1b,B_neron_llm_inprocess,96,t7_raisonnement,3,3,100.0,88.01560591666687,87.59454812100012,40.35178562671019,,,,38.0
llama3.2:1b,B_neron_llm_inprocess,96,t8_francais,3,1,33.3,101.85377712700574,101.85377712700574,0.0,,,,62.0
llama3.2:1b,B_neron_llm_inprocess,96,t9_instruction_stricte,3,3,100.0,63.26810910766653,63.53570478600159,3.6851065002380454,,,,1.0
llama3.2:1b,B_neron_llm_inprocess,96,t10_simulation,3,3,100.0,88.15768489033023,93.93761665099737,38.4539973530739,,,,36.0
llama3.2:1b,A_ollama_direct,128,t1_factuelle,3,3,100.0,57.17088992732897,50.54569275299582,22.81504998768298,50.01761085332934,17.333333333333332,4.083336179889805,12.333333333333334
llama3.2:1b,A_ollama_direct,128,t2_calcul,3,3,100.0,59.20312180999948,56.987553603998094,5.6819629987196585,49.902480990000186,27.666666666666668,3.467083529853615,17.666666666666668
llama3.2:1b,A_ollama_direct,128,t3_comprehension,3,3,100.0,98.53708300566359,103.20820287399692,10.134706292897269,62.353009288662484,75.66666666666667,3.3366298844623556,40.666666666666664
llama3.2:1b,A_ollama_direct,128,t4_instruction,3,3,100.0,67.03698459833201,80.09069335599634,28.08775127231321,66.20465126033135,2,8.399784965504884,1.0
llama3.2:1b,A_ollama_direct,128,t5_concision,3,3,100.0,72.1971942453359,82.60574094000185,18.41930671496696,41.85640531566605,73.33333333333333,3.600579293929346,44.333333333333336
llama3.2:1b,A_ollama_direct,128,t6_contexte,3,3,100.0,102.18122101000093,98.21667185200204,19.866742360406292,68.55707993166531,93.33333333333333,2.792137313404081,60.0
llama3.2:1b,A_ollama_direct,128,t7_raisonnement,3,3,100.0,77.85309275533412,74.0931647940015,6.60925146583997,67.47919743166858,54,3.291946788646978,33.666666666666664
llama3.2:1b,A_ollama_direct,128,t8_francais,3,3,100.0,134.38290619533169,113.04332965100184,40.88156600179055,80.02045420199768,125,2.6590828206444383,84.0
llama3.2:1b,A_ollama_direct,128,t9_instruction_stricte,3,3,100.0,62.971081288337395,49.131300909000856,30.1360885790796,62.899828904000366,2,5.657500572821933,1.0
llama3.2:1b,A_ollama_direct,128,t10_simulation,3,3,100.0,112.75158495999737,120.355065619995,18.43380671398164,102.27388066666269,28.333333333333332,2.1975599122051546,19.333333333333332
llama3.2:1b,B_neron_llm_inprocess,128,t1_factuelle,3,3,100.0,50.771145244997264,26.30122669699631,59.522484030597916,,,,7.0
llama3.2:1b,B_neron_llm_inprocess,128,t2_calcul,3,3,100.0,10.521396169666938,10.512854521002737,3.0810284691362426,,,,15.0
llama3.2:1b,B_neron_llm_inprocess,128,t3_comprehension,3,3,100.0,46.2316989726678,50.43944061000366,7.464092792638721,,,,62.333333333333336
llama3.2:1b,B_neron_llm_inprocess,128,t4_instruction,3,3,100.0,10.064781350001189,10.894859170002746,7.545996801931634,,,,1.0
llama3.2:1b,B_neron_llm_inprocess,128,t5_concision,3,3,100.0,29.902725726669207,33.17467524499807,7.758161386284796,,,,39.666666666666664
llama3.2:1b,B_neron_llm_inprocess,128,t6_contexte,3,3,100.0,52.28818552766461,53.50619697399816,9.096521929230406,,,,79.66666666666667
llama3.2:1b,B_neron_llm_inprocess,128,t7_raisonnement,3,3,100.0,35.828688642000394,38.03520012499939,9.97285312715589,,,,41.0
llama3.2:1b,B_neron_llm_inprocess,128,t8_francais,3,3,100.0,47.43279846867032,46.53680088300462,6.871590002434418,,,,86.33333333333333
llama3.2:1b,B_neron_llm_inprocess,128,t9_instruction_stricte,3,3,100.0,7.841147278663509,3.981291071999294,8.565230609333549,,,,1.0
llama3.2:1b,B_neron_llm_inprocess,128,t10_simulation,3,3,100.0,27.467383736334643,16.780965723999543,24.93888425208109,,,,24.333333333333332
qwen2.5:1.5b,A_ollama_direct,0,t1_factuelle,3,3,100.0,17.515333705331916,3.899415248997684,24.022015851952123,14.722986773665374,10,3.5824664063168914,7.0
qwen2.5:1.5b,A_ollama_direct,0,t2_calcul,3,3,100.0,21.01176726966757,7.975902234000387,24.802273256014754,1.9519120120021398,59,3.0956308039470377,34.666666666666664
qwen2.5:1.5b,A_ollama_direct,0,t3_comprehension,3,3,100.0,31.20006373033296,29.785473880998325,21.620310133709122,2.895738890663779,95,3.3565792740227813,54.666666666666664
qwen2.5:1.5b,A_ollama_direct,0,t4_instruction,3,3,100.0,2.423097781999483,1.2905214600032195,2.1259415768614343,2.002265873333575,2,4.207257940673456,1.0
qwen2.5:1.5b,A_ollama_direct,0,t5_concision,3,3,100.0,10.466356735666826,11.04960940300225,1.6099311300578472,1.8081330229979358,31.333333333333332,3.6193758124584225,18.333333333333332
qwen2.5:1.5b,A_ollama_direct,0,t6_contexte,3,3,100.0,101.46551953400194,113.15739268800098,36.555917617540835,9.669337541667725,242.66666666666666,2.7744824446909973,155.33333333333334
qwen2.5:1.5b,A_ollama_direct,0,t7_raisonnement,3,3,100.0,46.844255137999426,50.746327840999584,7.159483769415421,13.899990812666752,100.33333333333333,3.229118521590129,56.666666666666664
qwen2.5:1.5b,A_ollama_direct,0,t8_francais,3,3,100.0,86.32221551266655,75.03589067400026,35.906564284479664,7.429166763334554,233.33333333333334,3.07475820386998,143.33333333333334
qwen2.5:1.5b,A_ollama_direct,0,t9_instruction_stricte,3,3,100.0,9.377381949663686,9.841813959996216,7.192434701562746,8.784627474664982,3,5.0711396372106705,1.0
qwen2.5:1.5b,A_ollama_direct,0,t10_simulation,3,3,100.0,9.201153653331858,8.420253170996148,2.3201672601679864,6.669997482667289,9,3.3984150799005146,4.0
qwen2.5:1.5b,B_neron_llm_live,0,t1_factuelle,3,3,100.0,10.848263118331184,7.516226414998528,8.95135266222186,,,,7.0
qwen2.5:1.5b,B_neron_llm_live,0,t2_calcul,3,3,100.0,11.85918760933661,10.40468170800159,3.6524047221430407,,,,13.333333333333334
qwen2.5:1.5b,B_neron_llm_live,0,t3_comprehension,3,3,100.0,40.67418457966414,38.863113923995115,20.62089981504283,,,,57.666666666666664
qwen2.5:1.5b,B_neron_llm_live,0,t4_instruction,3,3,100.0,3.924295758998293,2.8606682760000695,2.9154121342166133,,,,1.0
qwen2.5:1.5b,B_neron_llm_live,0,t5_concision,3,3,100.0,17.62066951900245,20.403460975998314,5.50304349854179,,,,18.333333333333332
qwen2.5:1.5b,B_neron_llm_live,0,t6_contexte,3,0,0.0,,,,,,,
qwen2.5:1.5b,B_neron_llm_live,0,t7_raisonnement,3,0,0.0,,,,,,,
qwen2.5:1.5b,B_neron_llm_live,0,t8_francais,3,0,0.0,,,,,,,
qwen2.5:1.5b,B_neron_llm_live,0,t9_instruction_stricte,3,0,0.0,,,,,,,
qwen2.5:1.5b,B_neron_llm_live,0,t10_simulation,3,2,66.7,506.4294738544995,506.4294738544995,702.8134776116542,,,,4.0
qwen2.5:1.5b,A_ollama_direct,32,t1_factuelle,3,3,100.0,53.392198089000885,49.583959295996465,35.14079111743781,41.23527048666923,10,0.6965801074715503,7.0
qwen2.5:1.5b,A_ollama_direct,32,t2_calcul,3,3,100.0,14.778275736335976,6.81893109100929,14.386517254132233,10.956680726672252,11.333333333333334,3.3552692282831433,5.0
qwen2.5:1.5b,A_ollama_direct,32,t3_comprehension,3,3,100.0,45.48733874000027,56.424786578994826,22.68751237252427,19.441384073666995,25.333333333333332,2.0147609339021355,17.0
qwen2.5:1.5b,A_ollama_direct,32,t4_instruction,3,3,100.0,11.102604348998284,8.840316605012049,7.302801150785679,10.350294743000026,2,6.009290362901045,1.0
qwen2.5:1.5b,A_ollama_direct,32,t5_concision,3,3,100.0,19.77515107099801,17.240415407999535,8.322586651266201,5.710050192666434,29.333333333333332,2.8327260462271275,18.333333333333332
qwen2.5:1.5b,A_ollama_direct,32,t6_contexte,3,3,100.0,86.16743257766454,59.905250065989094,58.60837660408464,48.89535907800018,32,2.0220933072208065,20.333333333333332
qwen2.5:1.5b,A_ollama_direct,32,t7_raisonnement,3,3,100.0,77.69601663733677,75.0283475920005,15.862685494953912,50.579757800000756,32,2.3974252252437185,20.0
qwen2.5:1.5b,A_ollama_direct,32,t8_francais,3,3,100.0,36.89695718033181,32.98019009199925,24.152574800607663,21.415103838667466,32,3.1541507391637262,22.0
qwen2.5:1.5b,A_ollama_direct,32,t9_instruction_stricte,3,3,100.0,23.268341922996722,13.95805184400524,17.01958693913558,22.157551742333453,3,3.670348842188458,1.0
qwen2.5:1.5b,A_ollama_direct,32,t10_simulation,3,3,100.0,82.63467060799788,65.01570686399646,43.1851694494083,66.87574197033246,18.333333333333332,2.861794425234866,9.666666666666666
qwen2.5:1.5b,B_neron_llm_inprocess,32,t1_factuelle,3,3,100.0,9.709067073000673,3.8075358770001912,10.364772025617702,,,,7.0
qwen2.5:1.5b,B_neron_llm_inprocess,32,t2_calcul,3,3,100.0,12.535122893668207,15.89111871899513,6.011514965707107,,,,15.0
qwen2.5:1.5b,B_neron_llm_inprocess,32,t3_comprehension,3,3,100.0,38.408094268335844,45.65275029299664,16.184950650624305,,,,18.666666666666668
qwen2.5:1.5b,B_neron_llm_inprocess,32,t4_instruction,3,3,100.0,5.162325030668096,3.9539547320018755,4.840155774533787,,,,1.0
qwen2.5:1.5b,B_neron_llm_inprocess,32,t5_concision,3,3,100.0,20.917311820667237,17.75557569800003,10.80591300561008,,,,9.0
qwen2.5:1.5b,B_neron_llm_inprocess,32,t6_contexte,3,2,66.7,43.42236275749747,43.42236275749747,6.9762951943593965,,,,23.0
qwen2.5:1.5b,B_neron_llm_inprocess,32,t7_raisonnement,3,3,100.0,26.032949021998018,15.189556252997136,20.434816607514882,,,,18.666666666666668
qwen2.5:1.5b,B_neron_llm_inprocess,32,t8_francais,3,3,100.0,34.615967973334286,35.343827443997725,10.46528675469329,,,,23.666666666666668
qwen2.5:1.5b,B_neron_llm_inprocess,32,t9_instruction_stricte,3,3,100.0,22.84377396266791,19.365556377000757,15.082602771633221,,,,1.0
qwen2.5:1.5b,B_neron_llm_inprocess,32,t10_simulation,3,3,100.0,33.33563122000002,29.429056095003034,19.457906907484617,,,,16.0
qwen2.5:1.5b,A_ollama_direct,48,t1_factuelle,3,3,100.0,74.11108839966376,44.07561868899211,60.59059152780043,70.89217322566644,10,3.0113521955066207,7.0
qwen2.5:1.5b,A_ollama_direct,48,t2_calcul,3,3,100.0,71.67760232233074,55.50312921201112,34.21288124086206,54.49858683433073,30.333333333333332,3.291391243228279,16.333333333333332
qwen2.5:1.5b,A_ollama_direct,48,t3_comprehension,3,3,100.0,28.06115997733529,24.443547138012946,10.898686472727697,9.091636284996639,48,2.873873992719639,25.666666666666668
qwen2.5:1.5b,A_ollama_direct,48,t4_instruction,3,3,100.0,7.149831035999038,3.9668940669944277,5.8397919387669575,6.894400223667617,2,6.83938390829754,1.0
qwen2.5:1.5b,A_ollama_direct,48,t5_concision,3,3,100.0,50.95293853766634,48.24995017099718,11.82079678753926,30.056492072336066,24,2.6637897737110587,12.666666666666666
qwen2.5:1.5b,A_ollama_direct,48,t6_contexte,3,3,100.0,103.85244781067013,79.56456856400473,53.04476837945936,61.16096802600563,48,2.5638283312994607,29.666666666666668
qwen2.5:1.5b,A_ollama_direct,48,t7_raisonnement,3,3,100.0,62.6069843316703,32.93720980999933,59.23198074226794,44.89892544400451,48,2.847396174839617,28.666666666666668
qwen2.5:1.5b,A_ollama_direct,48,t8_francais,3,3,100.0,69.37319612900319,83.82777570599865,30.292992415629982,38.889136033001705,48,2.6154813099521896,36.333333333333336
qwen2.5:1.5b,A_ollama_direct,48,t9_instruction_stricte,3,3,100.0,57.7631146186662,54.07983201100433,32.32677788326204,57.48723741032882,3,5.21269836489236,1.0
qwen2.5:1.5b,A_ollama_direct,48,t10_simulation,3,2,66.7,57.585099445001106,57.585099445001106,34.56797951361151,47.02370471099857,13,3.1695017860142563,4.0
qwen2.5:1.5b,B_neron_llm_inprocess,48,t1_factuelle,3,3,100.0,39.14504879633508,34.396457269001985,26.0816524292977,,,,7.0
qwen2.5:1.5b,B_neron_llm_inprocess,48,t2_calcul,3,2,66.7,44.486109477504215,44.486109477504215,38.16809463941326,,,,17.0
qwen2.5:1.5b,B_neron_llm_inprocess,48,t3_comprehension,3,0,0.0,,,,,,,
qwen2.5:1.5b,B_neron_llm_inprocess,48,t4_instruction,3,0,0.0,,,,,,,
qwen2.5:1.5b,B_neron_llm_inprocess,48,t5_concision,3,0,0.0,,,,,,,
qwen2.5:1.5b,B_neron_llm_inprocess,48,t6_contexte,3,0,0.0,,,,,,,
qwen2.5:1.5b,B_neron_llm_inprocess,48,t7_raisonnement,3,0,0.0,,,,,,,
qwen2.5:1.5b,B_neron_llm_inprocess,48,t8_francais,3,0,0.0,,,,,,,
qwen2.5:1.5b,B_neron_llm_inprocess,48,t9_instruction_stricte,3,0,0.0,,,,,,,
qwen2.5:1.5b,B_neron_llm_inprocess,48,t10_simulation,1,0,0.0,,,,,,,
qwen2.5:1.5b,A_ollama_direct,64,t1_factuelle,3,0,0.0,,,,,,,
qwen2.5:1.5b,A_ollama_direct,64,t2_calcul,3,1,33.3,135.5167102770065,135.5167102770065,0.0,126.43497611899511,36,3.3219090420703172,20.0
qwen2.5:1.5b,A_ollama_direct,64,t3_comprehension,3,3,100.0,47.23689506399872,39.14590014600253,17.309565556707422,24.77473153966518,64,2.707240226341075,37.333333333333336
qwen2.5:1.5b,A_ollama_direct,64,t4_instruction,3,3,100.0,11.572329057661895,11.268434111989336,3.2202801092573434,11.419717257667799,2,5.599360179776791,1.0
qwen2.5:1.5b,A_ollama_direct,64,t5_concision,3,3,100.0,37.1201576506719,19.708578948004288,32.150592402522115,23.48068527133243,19.333333333333332,1.5346447913811807,11.333333333333334
qwen2.5:1.5b,A_ollama_direct,64,t6_contexte,3,3,100.0,61.316278098670104,47.488843457002076,31.852314635475466,30.093049368001328,64,2.8461058956549983,43.666666666666664
qwen2.5:1.5b,A_ollama_direct,64,t7_raisonnement,3,3,100.0,47.20795761233118,35.060162270994624,29.939163734920548,16.34455670299455,64,2.639346933191586,38.666666666666664
qwen2.5:1.5b,A_ollama_direct,64,t8_francais,3,3,100.0,120.6421261033344,93.90584131400101,49.22981415179438,61.69038177000281,64,1.8694682179838502,44.666666666666664
qwen2.5:1.5b,A_ollama_direct,64,t9_instruction_stricte,3,3,100.0,37.3958592020014,22.711499632001505,31.76097564371632,37.017475191004145,3,4.157072681796872,1.0
qwen2.5:1.5b,A_ollama_direct,64,t10_simulation,3,3,100.0,44.61481582266182,38.334093340992695,28.385164443376805,39.85322461999507,11.333333333333334,2.665775774856732,3.6666666666666665
qwen2.5:1.5b,B_neron_llm_inprocess,64,t1_factuelle,3,3,100.0,34.539241847659774,4.569483270999626,53.08015489458506,,,,19.0
qwen2.5:1.5b,B_neron_llm_inprocess,64,t2_calcul,3,3,100.0,23.903286118002143,23.12589815001411,2.8911109169316296,,,,37.0
qwen2.5:1.5b,B_neron_llm_inprocess,64,t3_comprehension,3,3,100.0,56.94126678133034,56.02855916999397,30.642020143465995,,,,33.666666666666664
qwen2.5:1.5b,B_neron_llm_inprocess,64,t4_instruction,3,3,100.0,36.56708632533264,21.0081769899989,45.23661886503271,,,,1.0
qwen2.5:1.5b,B_neron_llm_inprocess,64,t5_concision,3,3,100.0,27.24435218933407,28.068353554001078,9.984236063446188,,,,14.333333333333334
qwen2.5:1.5b,B_neron_llm_inprocess,64,t6_contexte,3,3,100.0,62.52401529100219,51.21366257799673,41.3762536552789,,,,42.333333333333336
qwen2.5:1.5b,B_neron_llm_inprocess,64,t7_raisonnement,3,2,66.7,53.395974421000574,53.395974421000574,0.04578352501953705,,,,38.5
qwen2.5:1.5b,B_neron_llm_inprocess,64,t8_francais,3,3,100.0,50.07964332199481,31.45575933699729,36.20398656549854,,,,40.333333333333336
qwen2.5:1.5b,B_neron_llm_inprocess,64,t9_instruction_stricte,3,3,100.0,4.400404329998612,2.4912263690057443,3.738173087939528,,,,1.0
qwen2.5:1.5b,B_neron_llm_inprocess,64,t10_simulation,3,3,100.0,4.853019704993737,4.312495095990016,2.252117374929226,,,,3.6666666666666665
qwen2.5:1.5b,A_ollama_direct,96,t1_factuelle,3,3,100.0,33.36439775300581,22.202502179003204,26.49445795048343,31.084958037671942,10,3.735059760956175,7.0
qwen2.5:1.5b,A_ollama_direct,96,t2_calcul,3,3,100.0,62.262865590664056,37.21869486400101,44.73313013823514,37.788176074662864,46.333333333333336,3.052953254563479,24.333333333333332
qwen2.5:1.5b,A_ollama_direct,96,t3_comprehension,3,3,100.0,89.14274724299806,56.58543344600184,81.81005168208104,60.926179463329994,64,2.8163285153335518,32.333333333333336
qwen2.5:1.5b,A_ollama_direct,96,t4_instruction,3,3,100.0,47.262251708331554,49.91997674500453,15.47387333580355,46.976953120994345,2,5.623311249340432,1.0
qwen2.5:1.5b,A_ollama_direct,96,t5_concision,3,3,100.0,38.26811084599952,43.51461888599442,21.357365660548265,28.713811155670555,19.666666666666668,3.21632558914179,11.333333333333334
qwen2.5:1.5b,A_ollama_direct,96,t6_contexte,3,3,100.0,84.80411245666619,91.45445683400612,15.82799518000065,30.789675838333398,96,2.9877001055248176,60.333333333333336
qwen2.5:1.5b,A_ollama_direct,96,t7_raisonnement,3,3,100.0,78.05650257966288,69.84029339399422,18.023503753996902,38.77532995133273,92.66666666666667,2.952560415254044,52.0
qwen2.5:1.5b,A_ollama_direct,96,t8_francais,3,3,100.0,68.80196947299312,76.43578580699977,19.107194913277045,20.309324126996216,96,2.990411339490279,66.66666666666667
qwen2.5:1.5b,A_ollama_direct,96,t9_instruction_stricte,3,3,100.0,43.762593199663876,38.73678183599259,25.937417566289753,43.22913249033445,3,5.322272468416748,1.0
qwen2.5:1.5b,A_ollama_direct,96,t10_simulation,3,3,100.0,48.7072041973297,46.35427482999512,4.509399059188287,38.05303398733182,19.666666666666668,2.686907551116481,10.666666666666666
qwen2.5:1.5b,B_neron_llm_inprocess,96,t1_factuelle,3,3,100.0,42.149060595664196,16.644997458992293,53.901523750238134,,,,25.0
qwen2.5:1.5b,B_neron_llm_inprocess,96,t2_calcul,3,3,100.0,28.784297432333307,22.595386241999222,26.370681622357186,,,,22.333333333333332
qwen2.5:1.5b,B_neron_llm_inprocess,96,t3_comprehension,3,3,100.0,42.959168159669694,24.45489308600372,42.308409481508875,,,,19.333333333333332
qwen2.5:1.5b,B_neron_llm_inprocess,96,t4_instruction,3,3,100.0,3.0005782900019162,1.1075683099916205,3.444583080614046,,,,1.0
qwen2.5:1.5b,B_neron_llm_inprocess,96,t5_concision,3,3,100.0,8.074097306001931,5.772743374996935,4.304761524937921,,,,11.666666666666666
qwen2.5:1.5b,B_neron_llm_inprocess,96,t6_contexte,3,3,100.0,39.78554585133194,39.181586211998365,6.050279610086612,,,,61.0
qwen2.5:1.5b,B_neron_llm_inprocess,96,t7_raisonnement,3,3,100.0,41.091614254338005,37.15576118600438,9.713543836242387,,,,50.333333333333336
qwen2.5:1.5b,B_neron_llm_inprocess,96,t8_francais,3,3,100.0,59.274227849998475,49.52912978899258,17.279424330418486,,,,68.33333333333333
qwen2.5:1.5b,B_neron_llm_inprocess,96,t9_instruction_stricte,3,3,100.0,7.603500256998814,6.141489032001118,6.548777979823069,,,,1.0
qwen2.5:1.5b,B_neron_llm_inprocess,96,t10_simulation,3,3,100.0,6.7286222923285095,6.339708416999201,3.194109294550937,,,,4.666666666666667
qwen2.5:1.5b,A_ollama_direct,128,t1_factuelle,3,3,100.0,19.32522560833119,17.927056803993764,14.334496911631568,8.187047289994856,32.333333333333336,3.0159588061069,20.666666666666668
qwen2.5:1.5b,A_ollama_direct,128,t2_calcul,3,3,100.0,18.13766644265949,11.266386756993597,12.804918736610185,12.389800495657255,19,3.445270577346959,10.0
qwen2.5:1.5b,A_ollama_direct,128,t3_comprehension,3,3,100.0,89.05257360933562,71.02700989300502,55.95346078953221,65.32759731433664,61.666666666666664,3.118911274055024,31.333333333333332
qwen2.5:1.5b,A_ollama_direct,128,t4_instruction,3,3,100.0,27.717806343668297,26.803500914000324,4.9302040383843515,27.423630236337583,2,7.131201024991294,1.0
qwen2.5:1.5b,A_ollama_direct,128,t5_concision,3,3,100.0,18.057639984671066,16.953214496010332,11.910409935830934,12.745375987006506,17,3.569831396863126,8.666666666666666
qwen2.5:1.5b,A_ollama_direct,128,t6_contexte,3,3,100.0,87.42555532366775,87.91223249900213,2.5518613299388835,27.298867404000095,128,2.907821490807517,74.33333333333333
qwen2.5:1.5b,A_ollama_direct,128,t7_raisonnement,3,3,100.0,80.61756283100112,71.24258175599971,31.46685176844801,40.5710634063386,116.33333333333333,3.150646112657897,69.66666666666667
qwen2.5:1.5b,A_ollama_direct,128,t8_francais,3,3,100.0,124.89651684000273,101.9727435100067,61.002241282372076,69.6150232606645,128,3.008777261441651,85.33333333333333
qwen2.5:1.5b,A_ollama_direct,128,t9_instruction_stricte,3,3,100.0,19.29880050800178,8.16812666800979,22.154092617845375,18.830289504665416,3,3.678702153880111,1.0
qwen2.5:1.5b,A_ollama_direct,128,t10_simulation,3,3,100.0,9.736632218337036,10.280217092993553,2.223726276916453,6.1140276626732275,12.333333333333334,3.457047354541229,6.333333333333333
qwen2.5:1.5b,B_neron_llm_inprocess,128,t1_factuelle,3,3,100.0,58.22636724667003,63.91914739701315,13.93796694207413,,,,55.0
qwen2.5:1.5b,B_neron_llm_inprocess,128,t2_calcul,3,3,100.0,44.151507547668494,48.835009825997986,10.905310514323233,,,,35.333333333333336
qwen2.5:1.5b,B_neron_llm_inprocess,128,t3_comprehension,3,3,100.0,64.71618381533092,75.19153149200429,29.059149596474654,,,,45.0
qwen2.5:1.5b,B_neron_llm_inprocess,128,t4_instruction,3,3,100.0,7.260348126665728,8.107174062999547,5.844390848564123,,,,1.0
qwen2.5:1.5b,B_neron_llm_inprocess,128,t5_concision,3,3,100.0,8.487420614663279,5.29848452200531,5.785428334648428,,,,9.0
qwen2.5:1.5b,B_neron_llm_inprocess,128,t6_contexte,3,3,100.0,55.29334926099788,60.19126798099023,9.077008357941398,,,,68.66666666666667
qwen2.5:1.5b,B_neron_llm_inprocess,128,t7_raisonnement,3,3,100.0,50.9326410679981,51.21643678699911,4.13527779615497,,,,72.33333333333333
qwen2.5:1.5b,B_neron_llm_inprocess,128,t8_francais,3,2,66.7,52.03055026350194,52.03055026350194,2.6231865594442034,,,,85.5
qwen2.5:1.5b,B_neron_llm_inprocess,128,t9_instruction_stricte,3,3,100.0,5.401903171334804,3.058092690000194,4.364791708936917,,,,1.0
qwen2.5:1.5b,B_neron_llm_inprocess,128,t10_simulation,3,3,100.0,16.180019543341285,10.595264109011623,14.631062616057742,,,,23.666666666666668
